{"cameraMode":{"drawMode":0,"name":"Shaded","section":"Shading Mode"},"sceneLighting":false,"audioPlay":false,"sceneViewState":{"showFog":true,"showMaterialUpdate":false,"showSkybox":false,"showFlares":true,"showImageEffects":true,"showParticleSystems":true},"in2DMode":false,"pivot":{"x":-9.43708610534668,"y":1.5803292989730836,"z":-5.099999904632568},"rotation":{"x":-0.4287168085575104,"y":-0.013005395419895649,"z":0.006201387848705053,"w":-0.90337073802948},"size":1.9208579063415528,"orthographic":false}