{"cameraMode":{"drawMode":0,"name":"Shaded","section":"Shading Mode"},"sceneLighting":false,"audioPlay":false,"sceneViewState":{"showFog":true,"showMaterialUpdate":false,"showSkybox":false,"showFlares":true,"showImageEffects":true,"showParticleSystems":true},"in2DMode":false,"pivot":{"x":0.0006131678819656372,"y":1.8776309490203858,"z":1.6967988014221192},"rotation":{"x":0.3389376997947693,"y":-0.0887230634689331,"z":0.03212608024477959,"w":0.9360781311988831},"size":4.511616230010986,"orthographic":false}