{"cameraMode":{"drawMode":0,"name":"Shaded","section":"Shading Mode"},"sceneLighting":false,"audioPlay":false,"sceneViewState":{"showFog":true,"showMaterialUpdate":false,"showSkybox":false,"showFlares":true,"showImageEffects":true,"showParticleSystems":true},"in2DMode":false,"pivot":{"x":-3.4000000953674318,"y":0.5,"z":0.02500000037252903},"rotation":{"x":-0.41481247544288638,"y":0.4612850248813629,"z":-0.25838547945022585,"w":-0.740534245967865},"size":0.1422146111726761,"orthographic":false}