{"cameraMode":{"drawMode":0,"name":"Shaded","section":"Shading Mode"},"sceneLighting":false,"audioPlay":false,"sceneViewState":{"showFog":true,"showMaterialUpdate":false,"showSkybox":false,"showFlares":true,"showImageEffects":true,"showParticleSystems":true},"in2DMode":false,"pivot":{"x":-7.009352684020996,"y":3.6441080570220949,"z":-6.113988876342773},"rotation":{"x":-0.5289112329483032,"y":-0.42170944809913638,"z":0.341940313577652,"w":-0.6523136496543884},"size":1.830674648284912,"orthographic":false}