{"cameraMode":{"drawMode":0,"name":"Shaded","section":"Shading Mode"},"sceneLighting":false,"audioPlay":false,"sceneViewState":{"showFog":true,"showMaterialUpdate":false,"showSkybox":false,"showFlares":true,"showImageEffects":true,"showParticleSystems":true},"in2DMode":false,"pivot":{"x":-72.48712158203125,"y":1.7806682586669922,"z":46.217628479003909},"rotation":{"x":-0.18522584438323975,"y":-0.8075471520423889,"z":0.33138173818588259,"w":-0.4513968229293823},"size":5.632051467895508,"orthographic":false}