{"cameraMode":{"drawMode":0,"name":"Shaded","section":"Shading Mode"},"sceneLighting":true,"audioPlay":false,"sceneViewState":{"showFog":true,"showMaterialUpdate":false,"showSkybox":true,"showFlares":true,"showImageEffects":true,"showParticleSystems":true},"in2DMode":false,"pivot":{"x":-63.08404541015625,"y":7.4330291748046879,"z":28.18250274658203},"rotation":{"x":-0.27150383591651919,"y":-0.6583418250083923,"z":0.2771053910255432,"w":-0.6450575590133667},"size":16.958812713623048,"orthographic":true}